consumption_kwh,num_people,daily_hours,prev_consumption_kwh,bill_inr
330.91,4,9.3,367.26,1683.06
763.04,7,2.96,961.07,4935.08
599.0,3,7.2,626.19,3550.73
498.99,7,14.89,387.05,2898.86
167.01,4,10.18,175.2,850.52
167.0,6,9.54,193.68,881.62
93.56,2,5.76,88.31,412.81
699.63,6,7.16,859.08,4444.06
500.84,7,14.53,545.52,2946.91
581.05,2,11.33,720.25,3404.85
65.44,1,13.02,70.29,348.96
777.43,5,8.36,605.44,5043.21
674.33,6,10.82,597.33,4262.37
209.25,4,5.48,171.81,1016.87
186.37,1,11.88,232.08,821.23
187.55,5,7.99,216.86,993.47
278.18,4,8.2,307.62,1414.7
443.57,3,11.09,390.6,2381.35
373.96,4,15.11,303.07,1998.04
268.42,2,2.9,309.72,1333.64
508.89,2,13.55,501.0,2912.28
154.62,3,6.09,129.18,776.73
269.11,1,8.21,287.94,1296.33
324.77,5,2.31,235.2,1650.04
392.05,4,6.21,351.16,2085.49
638.88,2,9.04,626.83,3920.09
199.76,1,2.79,157.56,901.43
435.68,3,8.88,562.37,2347.1
494.31,7,14.98,408.03,2873.23
84.84,6,3.48,66.02,452.98
505.66,7,12.7,415.71,2955.13
177.89,7,7.74,206.61,913.0
98.79,2,11.17,94.37,479.98
761.66,3,5.64,791.56,4838.86
774.22,4,4.23,551.72,4975.18
656.3,7,4.25,472.97,4032.26
278.46,7,2.99,269.41,1397.61
123.25,5,4.6,146.67,571.18
563.17,2,11.3,693.35,3312.71
380.11,2,14.34,285.86,2043.96
141.53,4,13.4,144.79,682.72
421.38,6,11.59,525.86,2376.96
75.79,1,3.55,70.7,422.92
731.99,5,6.05,876.73,4662.55
244.08,2,6.34,190.44,1162.88
546.89,5,5.5,689.76,3262.36
283.78,2,9.21,326.59,1355.4
440.05,5,9.5,556.58,2433.42
460.03,3,7.0,508.78,2525.58
188.64,7,6.95,173.18,1023.32
777.19,2,13.6,981.52,5026.3
631.35,5,13.05,546.33,3876.09
754.62,1,6.31,678.64,4755.0
721.12,3,14.79,808.0,4577.67
498.42,3,15.34,577.77,2781.25
741.41,1,6.57,932.42,4680.55
116.37,5,6.96,95.76,574.73
196.99,4,9.08,232.21,945.51
83.92,1,15.18,95.93,472.25
294.0,5,14.27,217.05,1501.4
341.51,1,3.44,318.4,1663.94
253.51,1,7.5,220.47,1215.0
671.55,2,9.75,592.78,4153.21
317.56,5,9.04,409.59,1582.0
260.7,4,4.71,283.03,1297.02
457.02,7,14.02,516.71,2564.35
155.69,2,11.48,200.22,817.18
651.65,1,13.73,603.64,4012.55
105.91,7,14.02,125.09,592.68
790.17,6,12.48,759.13,5151.35
629.18,7,8.15,768.69,3876.06
199.04,1,10.55,160.9,981.31
54.14,1,4.25,68.68,274.96
661.6,5,11.43,549.96,4118.41
580.14,5,4.51,519.65,3440.44
596.76,2,11.72,688.49,3544.5
628.45,4,5.21,588.39,3803.4
105.53,2,3.65,112.39,413.32
318.85,3,4.31,308.25,1618.3
136.9,1,2.03,156.81,618.61
697.33,7,12.06,583.66,4420.73
517.47,6,12.25,380.38,3048.02
298.17,1,9.21,262.38,1454.52
97.67,1,4.26,96.16,397.05
283.24,2,3.17,226.82,1387.73
293.89,6,2.27,268.28,1482.72
597.2,6,4.32,561.37,3601.08
528.17,6,14.47,387.91,3074.93
715.41,2,5.38,751.17,4493.7
404.16,1,6.96,497.36,2118.99
139.7,2,3.47,110.51,662.53
584.93,5,5.11,619.26,3422.89
620.59,5,9.27,681.93,3773.04
470.96,2,10.51,448.16,2645.43
628.23,6,5.43,704.03,3819.97
420.35,1,2.81,397.83,2193.18
442.05,2,7.47,443.28,2377.26
370.66,2,5.28,261.09,1879.21
69.06,2,5.07,77.01,280.85
130.92,3,15.44,143.59,669.87
73.57,5,10.63,53.2,439.72
527.31,7,9.8,485.62,3070.87
285.77,6,7.82,367.9,1453.59
431.43,4,8.01,410.91,2355.6
730.67,7,9.57,731.53,4728.95
236.97,6,11.75,295.25,1227.88
357.79,4,11.83,404.43,1877.54
616.66,3,4.4,647.03,3691.89
221.6,2,9.0,261.19,1100.38
107.73,3,7.77,131.29,564.87
267.31,3,14.19,260.4,1333.66
170.92,7,10.84,168.36,916.75
747.27,1,9.46,696.18,4750.61
656.09,7,3.62,839.81,4042.02
525.05,5,10.48,587.17,3028.43
703.6,4,3.64,527.65,4363.0
652.75,2,6.72,794.91,3932.57
189.93,7,4.0,187.71,985.64
719.42,4,11.69,533.27,4562.28
454.51,6,4.89,468.06,2524.8
655.58,4,7.49,623.0,4041.53
722.07,6,14.54,885.73,4609.95
288.5,7,4.86,237.26,1470.46
132.54,5,9.11,158.5,646.25
220.95,7,7.87,228.6,1190.84
370.33,6,2.25,271.37,1917.74
663.51,4,13.1,851.36,4127.71
695.55,4,2.97,700.81,4307.95
55.21,6,8.64,48.29,393.56
433.06,3,9.85,425.11,2349.2
363.06,5,10.8,441.01,1923.31
216.58,1,11.64,191.23,1081.7
139.9,2,5.55,114.1,658.11
303.21,4,2.14,235.73,1507.07
757.18,2,12.13,665.35,4818.66
292.4,1,9.5,341.53,1382.36
439.09,7,13.71,431.62,2480.85
577.26,2,13.5,482.88,3406.05
322.72,1,13.81,258.08,1650.52
778.84,6,8.79,700.67,5062.25
771.84,3,6.67,975.57,4959.19
238.84,4,13.08,216.34,1170.89
422.94,1,8.32,546.8,2312.33
275.66,2,4.57,273.22,1326.21
263.63,4,13.97,212.88,1368.93
77.67,3,14.36,95.89,413.52
507.17,6,8.53,495.11,2899.27
427.01,7,3.06,480.73,2306.77
88.61,4,7.43,114.33,470.84
258.98,7,13.25,189.09,1355.49
731.2,1,14.62,554.26,4638.6
229.67,3,4.85,260.05,1138.54
158.67,2,2.94,137.9,701.07
417.09,3,14.28,338.08,2256.96
789.24,3,7.45,571.11,5109.88
231.54,5,9.58,165.11,1243.58
554.1,3,15.55,645.36,3251.44
621.21,3,2.93,484.96,3747.11
228.23,4,11.08,223.81,1153.31
596.16,2,3.04,634.04,3572.75
325.84,4,7.26,311.83,1611.81
524.23,4,13.25,375.49,3022.94
525.15,1,8.07,614.48,2907.75
451.83,4,15.96,319.13,2451.51
117.72,5,9.83,136.21,621.64
676.48,5,6.5,836.11,4223.48
290.59,7,5.08,278.88,1474.79
189.89,1,6.91,193.94,895.8
80.58,7,7.22,79.47,566.06
493.17,7,2.96,460.39,2767.67
558.17,6,7.17,687.92,3306.56
62.44,2,8.5,77.2,321.56
434.07,2,12.12,391.31,2370.9
219.87,4,11.19,235.05,1108.18
533.88,4,11.92,670.63,3078.33
180.77,6,2.12,230.89,959.03
568.2,4,5.05,571.26,3366.18
340.05,2,11.26,330.43,1750.76
752.55,7,8.78,652.62,4800.13
153.14,3,2.07,195.3,710.25
305.8,5,13.26,240.26,1660.1
135.11,3,12.82,141.58,677.7
743.52,3,9.68,646.51,4774.65
708.0,2,2.93,614.13,4451.95
243.46,3,12.73,229.57,1232.51
544.99,6,10.17,708.09,3175.51
662.92,1,12.95,485.9,4010.01
466.4,4,12.52,488.38,2624.75
447.24,1,13.24,335.22,2413.81
231.39,7,9.25,183.43,1213.49
119.83,5,3.96,115.48,556.46
722.91,4,11.4,727.45,4592.32
725.31,3,10.69,620.34,4601.95
524.83,5,12.39,467.03,3043.62
304.27,4,4.38,228.87,1476.22
311.91,6,4.73,275.08,1626.95
594.47,6,14.47,760.88,3600.16
722.83,6,12.5,915.7,4584.93
715.31,6,14.72,644.45,4582.82
634.91,3,12.62,661.9,3888.39
531.52,1,10.36,662.15,3023.81
113.1,4,11.16,79.59,622.18
171.22,3,14.45,203.14,866.25
723.92,6,10.1,918.66,4628.25
504.82,7,10.85,381.04,2864.75
56.9,1,4.19,45.34,309.71
126.1,7,8.63,160.96,684.22
547.63,5,12.03,559.96,3203.56
53.8,7,5.79,38.12,315.11
170.61,5,4.83,145.8,895.52
461.55,5,6.39,447.69,2520.21
568.92,6,5.38,634.77,3350.54
538.97,5,5.01,614.37,3122.56
218.2,2,7.95,283.06,1024.85
584.13,4,14.71,509.66,3461.82
227.94,4,9.1,233.16,1081.46
294.05,6,4.63,299.93,1505.03
609.87,2,3.08,575.34,3607.98
537.22,7,11.75,430.58,3249.35
686.92,3,7.36,883.7,4247.31
543.21,7,13.51,658.36,3190.56
476.23,3,11.23,475.76,2629.71
120.26,5,13.15,127.71,649.31
325.79,1,5.81,272.47,1597.54
248.9,3,11.69,255.44,1266.34
232.99,1,5.7,260.25,1079.09
779.76,4,15.15,786.85,5032.35
344.82,1,10.91,446.26,1706.95
719.03,4,6.54,767.07,4478.29
523.35,2,5.77,482.84,2930.16
646.11,2,4.67,751.61,3913.2
426.98,6,11.72,342.55,2355.04
482.68,6,5.06,449.23,2740.02
419.39,5,10.33,380.88,2339.54
196.43,3,5.7,188.4,945.64
591.84,5,11.27,691.9,3512.23
260.58,4,13.41,258.1,1312.94
68.24,5,12.89,80.27,410.3
534.1,1,12.65,558.62,3031.38
182.83,4,4.63,165.51,876.37
755.34,6,3.24,895.83,4829.33
765.45,2,11.79,645.25,4900.9
736.15,6,7.16,614.41,4695.9
327.62,3,8.05,328.5,1671.04
61.59,4,2.44,52.75,348.57
746.24,4,5.63,526.44,4730.76
371.14,1,2.47,404.16,1927.89
774.99,3,14.31,780.15,4987.07
772.71,2,5.41,747.46,4890.22
689.76,7,9.8,883.01,4383.49
270.84,4,2.55,282.41,1302.39
338.82,4,11.34,412.71,1778.67
688.35,1,6.52,539.44,4182.32
287.69,5,14.57,299.64,1528.09
177.12,2,14.43,216.23,907.93
467.6,6,6.55,490.92,2567.16
752.12,3,14.61,850.5,4790.63
572.02,4,15.95,528.11,3466.08
477.55,4,13.56,360.77,2659.71
122.88,6,13.83,119.78,648.53
511.26,2,5.49,478.89,2779.49
792.54,5,10.07,967.09,5155.17
155.06,4,2.94,131.24,743.19
438.75,2,3.33,561.61,2369.97
708.03,6,15.98,902.66,4492.19
605.58,1,6.57,513.88,3546.87
572.76,5,12.47,520.54,3433.0
576.86,3,13.29,713.77,3456.57
319.62,4,14.01,409.1,1610.45
270.19,2,15.97,261.02,1393.25
657.02,1,5.38,586.46,3999.2
657.59,3,2.56,667.88,4051.26
700.3,7,7.76,779.2,4444.11
734.93,2,3.82,635.04,4552.88
433.51,2,2.31,495.01,2304.8
426.14,3,7.05,311.5,2331.93
648.72,1,12.97,473.29,3942.82
537.47,7,9.93,500.8,3142.78
576.48,6,6.38,525.79,3428.41
646.84,1,11.16,575.29,3858.57
717.5,5,5.25,713.64,4591.41
303.5,4,2.2,270.85,1466.69
331.69,3,12.7,270.44,1729.64
120.49,6,10.73,106.71,643.49
483.71,7,12.67,621.54,2800.21
76.96,3,2.55,72.85,389.26
399.2,3,13.72,385.96,2151.34
456.98,1,10.67,477.97,2461.95
264.91,4,9.89,341.73,1357.9
493.12,5,10.74,416.67,2727.83
72.88,2,14.1,80.8,424.95
78.01,2,10.22,88.12,371.15
666.95,3,10.13,709.9,4168.84
320.14,4,15.87,241.11,1675.12
145.3,7,12.59,160.71,813.77
441.68,7,8.19,326.16,2469.36
627.5,6,11.9,663.69,3816.91
211.87,1,7.45,242.32,985.75
517.17,4,5.2,427.48,2943.54
114.01,4,10.36,137.38,586.83
88.76,1,14.99,63.75,486.07
448.52,7,15.01,541.04,2557.49
455.48,7,6.79,444.63,2520.53
528.07,7,9.39,438.59,3052.63
594.57,3,4.96,463.92,3529.45
781.89,4,15.94,994.55,5025.39
437.23,2,15.74,325.12,2450.85
292.22,1,11.09,239.46,1444.8
646.39,7,13.26,587.37,4079.24
253.12,6,12.01,271.38,1268.26
379.23,7,10.3,389.42,2108.84
108.84,7,2.75,84.39,629.89
69.01,5,8.37,60.31,368.75
771.99,3,11.45,650.98,5001.27
676.99,1,11.49,560.63,4188.34
571.98,5,7.22,541.49,3340.63
356.71,5,15.18,400.38,1934.35
179.97,6,4.34,149.46,936.58
167.33,4,9.01,153.94,823.63
237.68,6,11.67,222.13,1271.75
461.92,4,11.76,593.97,2521.28
585.95,4,11.08,745.79,3458.14
545.15,1,5.85,643.32,3109.55
259.95,7,4.19,219.66,1326.45
766.15,1,10.9,567.58,4877.21
603.42,3,10.39,537.13,3648.62
465.77,4,4.51,400.59,2575.96
508.79,5,11.87,510.6,2930.43
364.7,7,8.37,425.47,1963.72
235.8,2,11.35,286.49,1183.81
316.98,3,13.72,382.57,1610.61
618.38,1,4.38,566.32,3745.57
60.8,6,2.27,67.62,339.75
137.05,3,12.91,121.66,757.97
84.5,3,10.54,62.24,444.48
80.55,7,11.79,90.29,454.62
691.6,3,13.73,488.19,4387.48
577.74,3,13.24,546.26,3436.92
405.63,2,15.45,364.11,2219.4
123.38,6,9.5,137.69,691.11
418.71,6,8.84,485.6,2315.96
405.1,6,7.63,357.49,2193.54
179.9,4,4.15,213.54,909.54
375.39,5,10.02,328.97,2015.13
348.88,6,5.88,337.64,1857.68
511.89,3,14.9,581.61,2849.98
526.32,3,10.16,587.24,3019.79
83.98,6,10.3,108.53,466.26
330.96,7,6.97,276.38,1790.68
519.39,6,2.73,569.98,2977.49
427.35,3,2.44,455.48,2292.21
692.37,4,7.93,864.81,4353.16
544.02,1,3.18,431.85,3053.13
172.2,1,10.5,198.22,877.18
102.93,6,14.33,107.14,636.04
531.81,2,14.36,459.91,3068.11
69.88,6,11.23,68.81,488.44
489.33,7,4.96,440.53,2743.37
755.17,6,14.08,791.11,4877.88
481.61,1,14.41,594.01,2668.69
341.13,3,4.75,355.31,1749.14
532.47,6,12.32,574.55,3099.53
393.69,3,6.01,398.12,2100.17
459.21,3,13.24,335.55,2555.26
756.1,2,15.96,634.91,4828.65
339.58,3,2.42,337.95,1729.92
770.89,1,14.56,683.12,4980.86
729.01,4,10.72,589.81,4650.83
196.84,4,15.63,197.33,1056.93
102.02,5,8.51,91.17,491.13
125.58,7,13.86,107.36,716.27
63.67,6,2.87,62.29,342.09
120.83,7,6.69,94.25,609.21
562.26,1,2.94,706.56,3208.8
103.39,3,15.65,126.2,511.97
289.23,4,13.44,325.26,1456.91
683.66,7,13.94,522.13,4337.51
67.45,1,15.13,78.62,401.86
660.85,4,3.19,782.96,4053.13
261.39,3,7.4,303.39,1241.38
138.62,7,2.99,106.52,747.29
572.55,4,4.95,621.99,3340.07
521.71,6,5.21,626.36,2987.95
708.1,6,8.57,740.97,4511.07
601.3,5,5.76,654.12,3620.21
652.61,5,3.41,636.31,4045.78
261.53,4,4.34,266.03,1303.72
183.08,1,4.06,131.93,824.87
612.96,6,15.62,664.07,3837.16
655.13,1,12.63,490.6,4024.99
792.88,1,15.55,761.96,5131.35
359.46,4,8.16,314.74,1916.21
329.01,1,5.9,337.98,1640.56
632.31,6,13.18,493.23,3926.34
305.6,3,6.57,340.74,1589.02
748.07,5,6.19,880.48,4782.25
693.81,3,5.26,553.67,4312.22
371.75,1,3.82,283.49,1903.92
613.15,3,5.59,482.74,3710.32
615.91,6,6.97,755.27,3706.93
127.34,6,11.44,129.5,624.93
726.91,1,2.88,712.64,4527.08
428.94,4,4.95,327.72,2273.82
669.84,3,13.33,729.95,4157.63
290.04,4,4.06,354.08,1445.55
721.64,4,6.8,863.74,4540.4
341.9,2,14.11,367.76,1730.08
58.13,1,4.17,43.32,291.37
729.04,5,3.16,559.49,4648.96
118.47,6,8.78,86.43,575.39
289.49,6,6.23,247.36,1493.2
762.55,1,9.89,595.85,4889.33
762.96,7,13.25,653.11,5003.53
480.08,7,3.92,446.97,2731.66
523.88,7,10.13,663.12,3112.73
386.33,5,9.08,411.92,2070.87
269.91,6,4.02,324.16,1362.91
296.5,1,10.74,333.92,1438.68
554.39,6,5.83,425.49,3254.32
614.28,4,8.83,701.23,3764.38
643.68,3,3.15,556.83,3869.88
642.21,3,8.43,695.82,3899.05
118.4,6,6.29,107.11,654.79
420.82,2,13.51,546.47,2313.47
93.17,5,2.8,79.95,454.19
462.15,7,7.86,400.9,2623.89
381.15,5,8.42,479.64,2054.79
715.78,5,12.15,511.63,4606.98
313.19,4,10.04,350.15,1598.15
137.8,5,11.34,156.43,751.48
157.24,3,12.88,188.98,874.87
621.13,4,14.07,797.95,3817.36
513.66,1,6.39,660.24,2857.76
125.84,5,9.53,93.02,673.55
113.08,5,13.76,134.92,598.25
575.73,1,15.85,626.27,3471.72
104.57,5,14.45,113.82,575.53
666.4,1,7.2,517.8,4073.98
579.68,4,4.73,631.92,3396.04
111.01,3,8.85,143.15,577.23
113.63,1,12.38,141.7,571.07
789.98,2,8.9,761.13,5079.4
330.7,1,8.76,239.42,1675.69
327.98,5,13.74,300.88,1680.3
659.6,7,7.06,788.77,4122.64
760.44,7,14.04,852.37,4972.26
789.5,4,7.7,770.24,5165.7
615.03,6,6.6,450.86,3720.12
332.19,4,8.36,317.62,1672.69
112.63,6,12.67,110.53,589.64
632.86,7,3.76,795.59,3846.6
468.8,7,4.75,508.49,2666.07
368.17,1,15.32,326.56,1981.14
729.77,3,4.46,740.85,4615.02
133.4,2,9.95,98.67,683.37
419.47,4,10.11,538.41,2291.12
58.52,5,8.85,53.6,371.22
401.5,6,11.03,396.16,2194.86
92.23,5,5.22,84.22,464.57
139.11,3,9.74,154.35,642.82
138.14,6,7.21,151.59,724.7
536.91,4,11.26,606.27,3110.37
609.53,1,3.98,524.74,3633.52
487.53,5,9.99,433.61,2746.69
771.63,3,4.59,598.13,4936.12
331.15,4,5.9,362.05,1665.86
264.28,7,5.06,191.31,1353.89
701.45,7,4.56,742.56,4461.54
217.7,4,13.56,265.99,1081.98
772.42,4,6.0,953.55,4971.96
59.12,4,14.98,57.31,398.8
777.41,6,15.58,758.43,5065.63
82.37,4,10.0,61.46,430.65
718.36,5,4.0,791.96,4548.79
445.78,3,7.24,531.7,2394.76
794.72,6,13.17,672.97,5224.13
105.35,4,7.14,100.37,495.59
465.39,2,3.22,560.01,2553.02
776.98,2,9.79,952.79,5064.92
442.32,3,13.83,374.16,2413.44
522.05,7,13.14,537.89,3063.13
571.81,1,4.45,466.31,3289.95
390.91,1,11.42,297.53,2094.21
520.67,7,5.09,649.1,2957.83
488.24,6,5.05,582.13,2753.22
725.87,6,14.24,839.12,4641.94
84.08,6,5.5,61.32,455.56
260.72,1,5.69,314.49,1216.11
762.81,2,2.01,734.45,4867.19
717.7,1,14.19,649.83,4502.42
391.74,5,13.1,402.67,2153.37
515.1,4,10.78,388.8,2924.39
258.04,6,12.5,297.77,1339.26
191.09,2,4.13,200.54,910.53
397.77,3,8.42,322.97,2099.76
315.01,3,6.92,256.09,1583.49
487.74,4,3.31,395.34,2742.8
108.3,2,8.81,79.51,492.19
780.8,1,14.89,821.93,5070.97
789.66,1,2.56,950.91,5090.01
573.62,5,6.08,407.56,3369.89
452.07,5,4.91,329.74,2444.35
282.15,1,5.33,294.46,1361.46
660.35,3,14.72,786.93,4084.94
563.55,6,8.55,504.96,3397.21
171.96,3,8.53,156.45,848.5
733.2,5,12.65,775.58,4679.74
666.9,4,4.16,576.56,4081.62
762.35,1,8.82,545.82,4890.61
594.29,5,8.02,678.17,3552.28
510.06,5,10.36,548.51,2908.59
363.68,6,15.99,381.3,2012.58
749.55,1,12.77,858.24,4760.7
699.55,6,7.57,773.1,4422.86
83.91,1,13.59,69.11,426.13
69.78,6,4.39,63.6,426.66
332.35,3,2.43,257.79,1685.11
657.91,4,4.86,511.8,4041.03
790.46,4,6.77,874.02,5119.4
162.81,1,9.15,197.84,763.65
495.6,2,10.61,633.2,2710.12
335.67,7,14.75,361.52,1818.31
777.44,5,9.14,630.08,5096.94
681.59,5,9.02,520.32,4246.29
678.75,1,2.7,806.15,4135.3
401.52,6,2.49,420.49,2136.2
361.11,2,9.72,386.74,1897.56
255.06,3,8.13,298.13,1274.4
92.28,6,13.75,103.54,526.97
698.54,6,4.25,838.72,4372.04
659.68,1,2.35,484.02,4006.93
799.79,1,8.29,918.57,5107.8
797.48,5,5.32,965.36,5185.75
466.57,1,2.69,406.7,2537.35
626.74,1,12.14,679.55,3752.11
758.57,1,3.56,673.99,4755.43
687.24,5,10.52,876.08,4372.85
235.51,3,5.93,169.58,1133.88
387.91,3,4.43,406.48,2072.63
146.87,7,7.32,117.48,771.31
765.54,7,13.22,863.02,4990.55
504.63,1,7.49,406.5,2802.65
221.48,7,12.51,186.32,1148.44
553.78,5,3.76,551.91,3227.96
513.6,3,12.82,641.43,2906.42
318.62,6,5.32,263.51,1598.01
135.17,3,11.48,106.32,688.38
553.68,3,9.92,639.71,3216.14
440.23,5,15.01,440.39,2456.83
629.24,7,7.42,784.71,3839.72
440.12,6,2.93,346.8,2463.17
689.14,5,2.27,749.47,4325.73
463.93,1,13.58,389.57,2577.35
470.7,4,9.35,373.77,2607.14
707.49,3,12.85,785.35,4417.31
352.61,4,5.28,372.43,1886.98
150.51,5,6.83,173.52,759.88
71.59,5,2.42,63.4,365.2
616.35,5,15.46,597.11,3795.63
515.23,4,11.35,486.01,2973.62
578.06,5,15.06,745.96,3474.11
209.72,1,5.72,183.58,1030.56
152.28,5,10.56,133.53,821.69
60.91,2,11.5,55.59,318.38
312.94,7,6.45,325.07,1601.13
492.44,4,13.87,419.26,2808.94
344.18,2,15.26,429.94,1712.11
378.11,5,14.39,324.95,2050.15
728.12,1,12.35,901.04,4558.76
311.19,3,5.88,237.15,1532.87
435.49,6,5.94,476.4,2391.45
637.74,7,15.49,793.47,3973.61
347.41,6,2.14,278.36,1792.3
516.57,5,12.02,661.72,2934.73
696.77,7,11.89,677.08,4507.38
762.14,7,10.72,965.96,5011.74
160.31,1,15.86,177.31,760.97
744.94,7,6.37,656.26,4843.82
419.09,4,6.76,340.71,2255.88
243.68,2,3.11,214.99,1167.82
394.35,2,8.2,298.06,2082.38
785.02,2,5.65,617.28,5018.68
419.46,4,6.81,319.97,2300.07
296.56,6,13.68,282.85,1545.02
525.05,1,15.1,618.17,2976.59
230.11,7,4.6,180.6,1139.41
106.9,4,7.22,83.19,503.76
146.66,2,15.0,159.28,689.06
146.03,5,2.87,119.5,719.87
163.93,3,3.29,124.35,745.2
154.12,7,4.28,123.31,789.03
530.66,4,10.33,665.57,3098.02
186.41,4,4.11,222.37,948.56
309.25,1,15.55,282.17,1551.93
722.59,1,8.25,790.15,4534.39
405.47,4,9.02,414.54,2247.07
550.67,2,5.45,609.19,3178.24
179.24,3,8.59,198.89,874.33
194.22,7,11.27,209.22,989.64
80.65,1,12.52,69.33,421.68
176.7,7,12.55,127.83,976.16
258.94,2,10.09,252.04,1256.22
182.76,7,14.66,225.63,1000.83
116.53,5,13.44,121.39,613.95
140.48,1,12.6,168.49,674.86
395.58,2,2.78,512.27,1990.55
204.75,2,2.1,163.43,957.58
323.2,3,4.97,360.39,1649.77
427.56,3,11.29,472.28,2311.66
567.8,5,7.76,731.31,3357.73
79.48,2,7.63,102.64,373.68
649.56,6,14.38,722.31,4069.2
520.93,2,14.54,440.79,2963.6
111.32,3,14.73,131.26,547.06
705.18,6,6.39,538.91,4503.42
740.65,1,11.67,865.39,4726.48
95.81,1,5.8,119.39,411.2
257.66,7,4.67,239.54,1331.57
654.65,4,4.58,705.96,4036.25
611.19,3,6.79,585.58,3687.77
188.39,4,8.02,181.36,891.22
207.01,6,13.63,183.46,1123.42
327.85,3,3.68,379.42,1627.35
413.39,5,12.29,521.58,2262.76
513.69,2,9.44,649.54,2965.87
326.69,5,6.03,262.94,1687.67
396.9,6,8.9,486.14,2152.76
610.6,3,6.2,697.59,3594.66
77.51,6,10.35,66.02,504.71
239.33,2,8.07,177.19,1126.65
585.01,1,4.3,503.58,3386.5
721.41,1,3.63,899.83,4494.46
433.76,6,9.65,468.42,2450.19
449.09,4,14.63,508.65,2525.42
130.38,3,6.82,111.38,626.24
385.56,3,12.26,436.31,2071.69
449.46,1,11.22,322.21,2424.6
231.85,7,15.04,214.51,1243.66
251.93,5,13.49,271.09,1304.33
332.96,7,9.93,262.26,1797.99
65.05,2,11.2,77.66,392.69
291.56,5,14.58,245.21,1520.5
208.59,5,7.59,227.64,1045.03
295.62,6,6.58,278.81,1523.25
139.82,1,2.15,147.88,622.11
717.9,7,13.57,548.81,4583.56
495.19,7,13.21,351.66,2827.73
559.33,1,3.46,696.77,3209.46
641.88,7,10.08,553.16,4017.71
423.83,1,8.5,505.13,2256.88
115.19,6,3.66,149.7,547.98
452.83,4,15.73,374.43,2533.74
490.13,5,5.01,421.07,2739.28
609.08,6,2.94,668.6,3682.92
373.74,3,10.33,478.12,2003.58
145.69,2,12.34,182.03,750.71
262.83,4,2.45,263.29,1268.6
322.31,3,11.22,379.38,1627.65
534.44,5,9.45,417.64,3066.56
478.08,7,3.45,615.04,2700.74
317.07,1,4.42,405.41,1591.51
789.89,5,9.95,630.52,5134.4
504.33,6,6.15,443.64,2848.15
227.92,2,15.14,173.24,1189.29
126.34,6,13.46,109.03,704.16
164.64,4,15.77,195.86,875.16
234.47,4,5.64,217.35,1124.79
170.51,2,15.58,128.4,880.8
189.93,3,8.04,171.95,906.94
263.82,3,6.87,340.02,1264.41
180.03,4,2.7,194.04,863.27
722.57,4,2.74,686.23,4536.71
110.18,7,11.69,88.13,607.67
443.38,1,8.41,572.72,2345.82
357.8,7,5.17,426.68,1935.31
786.78,7,10.6,683.63,5186.08
134.03,3,5.54,99.46,584.43
348.39,2,10.09,255.71,1824.33
777.1,3,7.03,600.1,4972.65
699.13,1,13.53,733.01,4401.4
662.8,6,13.49,833.32,4157.83
243.43,4,8.68,242.95,1221.41
178.17,4,6.91,214.83,879.83
551.48,1,7.08,533.58,3198.6
747.03,7,13.28,840.52,4810.47
467.57,2,6.59,532.62,2570.43
478.71,4,4.93,385.06,2679.29
259.98,5,3.19,238.34,1312.34
627.12,7,8.53,678.78,3934.37
190.28,4,8.75,141.27,939.29
292.76,5,13.77,268.44,1536.38
369.08,1,5.1,376.78,1886.31
430.71,1,7.33,558.94,2338.27
231.81,7,13.32,228.27,1230.39
136.13,4,13.53,161.94,696.66
507.97,3,7.38,487.26,2884.83
266.47,5,8.43,313.86,1334.76
485.93,2,6.25,513.75,2627.38
165.77,4,15.06,204.22,848.63
410.86,2,3.66,388.9,2187.43
449.44,4,15.07,477.57,2548.5
88.87,3,11.57,95.8,467.24
302.45,3,9.44,287.46,1547.7
150.81,7,2.46,118.63,730.6
97.53,7,8.66,73.75,526.35
792.47,3,7.71,562.66,5114.65
291.77,6,4.26,357.16,1466.68
657.41,3,11.19,553.46,4062.72
240.98,1,15.6,199.27,1218.61
561.13,1,9.87,640.59,3240.03
620.17,6,12.01,553.2,3815.57
496.73,5,2.96,498.53,2767.18
403.68,2,7.85,321.94,2115.39
358.88,4,3.63,457.88,1857.46
311.65,4,10.58,377.39,1584.32
747.15,6,15.14,910.23,4837.92
672.96,1,11.26,635.32,4155.99
773.77,7,3.08,895.57,5012.81
143.22,4,6.97,112.62,697.97
598.15,1,9.71,421.8,3586.93
753.76,5,7.64,536.66,4808.18
185.92,2,13.67,195.59,906.35
99.87,5,13.41,97.2,624.98
605.84,6,10.57,612.39,3658.41
480.85,3,7.23,338.75,2616.09
681.37,3,5.57,649.76,4245.88
154.83,3,3.48,175.09,674.24
646.45,5,6.97,624.22,3974.39
201.22,4,7.78,229.26,1069.4
172.74,2,11.46,145.07,804.67
173.2,3,11.21,205.74,807.61
660.93,6,2.98,696.0,4047.38
548.9,6,7.53,453.64,3245.8
442.3,3,4.54,372.43,2426.41
319.12,3,4.2,343.64,1574.9
707.9,2,13.58,848.04,4481.61
344.33,3,2.59,326.9,1787.81
662.45,2,7.87,566.38,4122.56
379.35,6,4.35,462.89,2020.17
332.71,3,14.31,366.5,1660.11
397.01,5,9.8,384.64,2129.93
276.03,7,5.24,274.03,1398.56
610.71,5,9.03,502.34,3698.06
427.04,6,12.24,459.53,2371.33
224.16,2,15.41,205.16,1161.43
724.68,5,5.09,940.19,4636.11
337.92,2,14.41,333.9,1743.35
457.66,5,15.08,453.79,2608.18
729.85,5,14.83,758.69,4698.71
518.18,2,10.9,647.75,2931.84
137.67,4,10.82,162.52,729.65
754.87,5,7.64,732.74,4854.39
520.78,3,12.53,589.12,3035.65
301.18,7,9.44,316.76,1516.7
154.45,6,11.48,153.75,804.24
645.52,4,8.0,526.35,3960.35
515.05,2,12.24,503.91,2924.82
450.1,4,13.54,381.45,2541.37
720.42,1,4.05,899.74,4497.87
641.45,1,13.66,578.1,3872.22
163.76,5,9.56,208.19,866.88
283.79,5,13.83,289.42,1485.73
236.37,3,8.04,255.02,1108.77
607.96,7,7.31,623.62,3705.1
75.15,6,14.81,58.44,429.37
477.42,4,5.52,441.85,2620.85
621.84,1,13.82,472.28,3731.76
707.57,5,8.78,759.77,4503.75
306.56,6,9.2,296.79,1582.14
665.94,4,6.32,777.02,4080.57
132.97,5,10.02,110.67,716.38
684.84,5,6.55,547.01,4243.46
145.62,1,2.55,137.43,665.73
347.97,1,5.81,437.03,1731.4
647.97,5,2.09,729.78,3958.25
162.44,2,15.7,154.54,835.8
221.94,5,15.52,224.24,1177.94
591.69,6,7.53,444.08,3601.29
590.03,5,12.2,761.58,3553.74
530.86,3,6.84,583.86,3035.29
570.46,7,11.4,497.01,3412.54
457.04,3,13.28,480.57,2537.62
238.85,3,15.25,182.88,1228.7
309.27,2,7.6,395.71,1525.33
186.2,2,12.97,149.87,871.71
731.34,5,5.72,796.29,4664.26
487.54,3,15.86,413.08,2754.3
350.64,2,2.36,396.41,1750.55
396.5,1,10.45,462.36,2055.99
760.46,5,11.23,839.59,4959.14
165.01,6,11.63,176.35,887.97
489.67,7,3.69,604.98,2749.43
429.42,4,15.14,320.85,2342.79
508.59,5,4.54,456.99,2841.75
63.58,4,10.72,53.98,425.21
704.09,3,5.12,910.26,4407.46
749.09,7,6.3,699.37,4812.7
473.85,4,9.65,539.98,2653.57
572.49,3,7.84,635.94,3339.68
741.87,1,4.24,613.71,4716.24
580.43,4,4.39,489.53,3465.98
164.4,7,7.85,142.83,852.29
482.22,5,12.6,456.5,2703.56
505.04,3,14.57,424.53,2779.6
368.1,5,3.18,262.01,1889.08
602.33,7,7.5,739.45,3621.0
750.78,2,3.4,960.52,4757.27
744.18,3,2.23,673.44,4699.79
388.13,4,11.26,350.52,2048.8
134.93,3,10.43,95.02,663.38
788.63,5,4.28,873.92,5120.62
679.17,1,5.27,811.79,4190.59
143.5,3,2.33,113.07,617.15
740.63,4,13.69,589.39,4749.65
702.42,2,15.65,824.68,4386.11
439.13,6,3.9,469.77,2440.87
493.46,1,5.24,358.7,2722.2
349.25,2,14.16,374.93,1793.99
91.07,3,14.97,80.63,465.62
301.4,5,7.87,277.66,1509.62
652.14,7,2.71,757.68,3968.08
53.47,5,2.55,63.45,335.0
300.12,4,10.04,282.18,1502.8
348.63,5,7.5,442.16,1857.68
453.05,1,2.4,427.62,2388.86
739.89,5,10.17,860.57,4726.39
309.76,4,2.16,306.76,1489.03
310.21,6,13.02,384.21,1591.38
603.13,3,6.29,750.68,3566.0
389.16,7,2.56,292.83,2127.26
218.45,3,10.24,275.67,1067.5
389.33,5,7.57,465.37,2097.21
155.64,2,15.63,182.85,774.96
182.29,3,9.62,149.58,866.46
423.78,6,5.85,501.36,2318.76
364.19,5,11.93,440.7,1969.9
736.13,7,5.8,643.01,4686.85
321.8,4,14.66,409.12,1699.24
485.44,6,7.25,354.33,2706.11
524.2,5,9.7,414.09,3002.59
59.82,6,2.71,61.17,378.83
547.65,3,7.97,572.56,3146.15
183.53,7,13.65,199.51,992.03
770.8,4,13.28,547.41,4983.38
161.5,5,5.14,206.11,812.07
360.97,1,5.17,262.33,1765.7
114.01,4,13.44,89.6,542.38
797.66,1,15.03,565.07,5189.85
426.65,6,3.34,443.76,2360.99
496.54,2,8.3,625.32,2721.69
100.31,4,6.72,110.29,487.84
612.47,6,14.19,731.04,3769.55
207.43,1,3.17,146.85,988.79
723.54,3,4.96,741.78,4497.27
203.85,3,12.53,198.91,1000.37
193.02,2,2.72,192.9,898.69
77.41,4,8.9,57.54,446.51
404.05,4,8.19,448.76,2252.23
473.63,4,6.68,474.55,2615.17
99.28,6,7.52,115.08,482.9
631.65,7,9.42,626.07,3917.33
389.97,7,4.26,307.93,2150.71
443.29,2,10.01,482.73,2414.68
380.57,4,13.28,305.76,2022.9
350.57,6,12.64,428.9,1910.67
469.73,3,4.15,501.61,2588.93
166.43,1,4.09,132.2,736.82
186.45,6,5.75,238.17,962.45
696.34,7,7.06,704.01,4440.91
759.59,7,7.72,564.93,4955.74
329.98,3,11.52,355.09,1695.47
253.06,3,2.79,215.59,1213.52
533.0,1,2.49,630.12,3028.24
356.55,3,7.49,424.54,1813.71
69.04,2,11.76,88.88,393.6
167.11,1,4.71,167.3,733.01
586.98,3,10.98,571.12,3527.7
544.19,5,5.64,626.96,3148.99
70.32,6,14.41,54.81,496.21
216.48,3,14.54,222.57,1114.84
223.31,2,6.16,229.5,1040.64
553.92,4,5.22,417.48,3260.19
64.78,3,7.76,61.59,407.07
128.08,7,5.37,155.23,698.71
649.94,7,11.41,788.82,4038.72
183.91,7,13.56,139.69,983.19
539.56,4,11.42,407.06,3137.96
228.64,7,13.54,196.08,1194.78
124.58,5,7.56,152.59,686.47
232.38,3,4.19,180.64,1132.17
591.7,7,12.33,669.8,3519.16
691.77,1,7.05,526.23,4294.59
672.66,4,11.4,722.36,4187.86
347.89,5,5.79,317.84,1812.97
551.06,1,3.14,646.59,3128.14
203.74,1,15.9,171.18,1037.38
269.86,1,4.19,292.4,1318.83
722.25,1,15.84,607.71,4580.7
59.75,3,15.68,67.41,372.36
114.13,7,13.11,139.72,639.98
205.91,6,11.23,159.81,1076.32
69.9,3,10.09,85.27,366.02
186.08,3,14.13,196.52,963.38
487.28,5,6.05,378.26,2736.39
366.07,5,8.55,350.15,1993.4
719.5,7,10.67,573.1,4652.05
663.08,6,7.76,742.79,4112.87
306.36,5,7.98,353.95,1580.89
244.57,7,6.62,186.72,1232.43
334.77,7,9.9,336.0,1801.37
492.72,2,13.91,585.73,2736.73
251.05,6,4.82,316.75,1238.65
518.11,5,15.08,522.31,3003.71
357.06,6,11.65,453.52,1838.88
464.04,3,13.53,473.97,2526.33
377.09,3,9.79,353.15,1989.73
270.85,6,12.91,327.44,1411.29
761.34,2,2.23,758.13,4820.77
622.7,2,13.46,612.21,3731.54
155.08,6,2.56,154.18,753.7
701.35,5,14.46,847.28,4469.84
415.57,4,15.89,498.34,2308.12
720.91,2,6.12,679.18,4527.41
649.89,1,4.94,584.89,3973.56
368.91,3,12.72,367.12,1968.41
66.85,6,5.54,69.77,379.27
251.51,1,14.12,212.02,1234.71
456.23,6,3.44,536.69,2480.58
525.11,7,3.76,520.85,3021.44
243.42,3,15.71,219.18,1273.98
154.52,3,11.43,118.07,795.31
676.2,2,13.86,570.24,4250.92
788.3,2,6.54,1000.8,5060.03
444.27,1,11.47,392.31,2450.48
178.76,7,10.32,143.24,944.6
254.23,6,10.44,248.23,1357.52
63.79,7,11.56,56.41,435.4
735.72,3,10.06,530.53,4702.28
138.31,1,8.01,123.64,690.85
482.39,4,5.86,495.15,2669.03
255.54,1,12.76,263.47,1263.06
465.63,5,5.17,425.56,2616.12
538.57,1,11.69,521.54,3078.0
672.31,7,5.27,860.09,4170.16
204.82,5,10.75,189.74,1117.14
58.25,5,12.46,49.8,377.07
152.66,5,5.06,129.17,768.39
725.01,4,2.84,706.64,4608.99
705.42,1,3.83,815.26,4359.25
498.06,7,10.48,410.2,2814.57
500.39,1,13.89,563.23,2795.17
548.78,4,2.63,391.11,3109.58
181.53,3,12.28,172.7,905.4
735.81,2,6.78,857.6,4657.72
364.08,7,8.7,328.85,1956.9
337.35,7,15.0,350.26,1776.52
439.19,1,6.65,361.45,2400.79
85.22,2,8.51,97.6,423.97
174.71,6,2.19,127.78,917.45
603.53,6,3.14,731.19,3626.11
112.1,4,5.62,91.8,522.2
502.36,6,2.39,615.21,2828.94
234.01,7,10.84,213.31,1222.78
341.97,6,7.97,387.66,1767.33
266.52,3,9.67,237.61,1370.07
316.75,3,4.45,393.9,1557.46
589.28,3,6.14,457.27,3434.78
272.84,6,11.29,220.21,1450.52
474.8,4,15.51,472.82,2658.66
407.04,5,2.71,304.94,2166.04
547.75,5,14.47,447.84,3176.39
752.62,2,10.08,953.02,4853.59
599.43,5,9.89,770.8,3581.22
211.21,5,9.0,195.52,1077.8
73.39,3,2.97,92.03,394.09
246.7,3,3.26,253.33,1207.43
496.31,6,10.41,427.74,2816.28
88.57,2,6.77,99.33,372.81
422.27,1,14.84,462.53,2259.7
497.63,7,7.69,643.67,2833.7
300.68,2,4.01,258.3,1430.85
628.18,2,12.01,693.04,3821.6
129.95,4,6.11,95.02,660.73
106.35,6,9.36,81.7,597.42
596.14,4,11.77,418.7,3551.2
421.62,2,14.6,547.97,2359.44
566.3,2,13.09,669.01,3348.89
376.12,2,11.47,440.83,1982.08
234.8,5,11.51,236.17,1239.27
664.33,7,15.24,584.63,4266.79
649.56,7,6.14,513.65,3989.04
571.02,4,2.02,497.25,3331.5
254.11,2,5.81,235.2,1158.23
492.67,7,5.05,568.44,2788.41
320.73,3,11.27,328.36,1647.04
118.69,7,10.87,88.6,651.62
737.99,6,10.31,524.57,4725.79
152.61,6,2.23,116.2,702.72
762.68,7,12.2,721.72,4978.64
384.5,3,6.53,484.44,2070.59
188.85,6,11.31,204.42,973.07
456.43,5,9.79,539.08,2553.93
704.71,7,6.8,690.49,4429.62
599.17,5,3.88,549.44,3601.49
654.92,7,3.32,501.04,4049.17
544.09,1,13.64,666.81,3113.03
569.21,1,14.86,665.91,3320.14
686.9,1,11.1,550.12,4253.85
237.25,6,3.45,239.0,1204.97
417.07,5,7.63,413.91,2234.72
215.91,5,12.21,232.11,1103.65
790.75,5,12.92,1002.44,5164.35
758.04,3,3.66,794.33,4794.66
79.57,5,2.0,81.49,467.4
579.18,3,11.97,422.91,3412.7
743.94,1,6.99,548.83,4681.37
185.43,1,5.56,150.65,840.62
475.96,6,2.18,342.44,2698.59
736.62,7,9.56,844.17,4762.34
75.46,1,13.92,85.57,370.59
573.07,7,15.41,447.93,3499.74
273.01,7,9.92,328.06,1425.68
743.3,6,9.2,589.34,4790.11
778.29,2,3.19,685.45,4961.97
758.2,2,9.68,644.0,4821.54
405.66,4,7.32,374.58,2193.53
696.53,6,10.5,594.0,4398.4
683.41,4,7.44,678.88,4319.01
289.33,4,5.36,273.25,1395.37
671.69,2,3.33,867.78,4166.23
77.76,6,6.41,57.04,440.85
497.2,2,3.35,390.46,2737.55
222.51,4,4.48,162.81,1119.91
140.43,6,15.82,151.03,752.33
107.71,4,8.22,78.92,565.59
572.22,5,9.45,687.73,3318.74
304.91,7,14.23,307.09,1586.44
593.58,6,15.94,603.19,3590.57
99.02,6,10.16,102.68,499.75
286.47,7,13.37,229.89,1497.76
454.62,4,6.58,372.16,2509.48
643.04,5,6.28,573.14,3971.82
289.06,3,7.64,305.28,1435.74
519.42,7,11.42,429.08,2997.45
714.48,2,11.55,550.01,4514.69
511.9,4,6.41,656.29,2890.97
224.72,7,3.86,160.27,1176.0
68.3,7,10.85,80.71,471.63
702.57,6,3.8,823.99,4430.49
65.95,2,10.1,57.93,334.41
706.03,2,11.71,551.67,4417.16
446.7,2,11.81,351.72,2426.12
754.3,7,12.55,843.65,4892.69
649.09,3,14.22,704.7,4016.84
798.45,1,9.0,933.91,5169.06
313.03,4,12.22,395.2,1604.3
625.39,1,10.67,697.41,3771.96
351.45,7,4.61,278.88,1866.78
409.91,1,2.36,346.81,2125.71
520.63,7,5.98,627.52,2972.19
705.26,1,8.2,582.25,4345.41
788.06,2,10.64,585.94,5066.84
626.21,5,13.9,702.58,3868.33
363.33,2,4.75,342.08,1844.26
366.02,2,3.76,458.26,1870.77
603.19,6,15.49,657.57,3706.93
229.08,6,3.51,172.79,1168.6
132.86,1,8.7,168.56,590.39
315.97,7,10.2,270.19,1689.68
265.43,2,9.58,239.5,1338.86
272.23,1,3.2,256.27,1258.28
225.21,6,2.8,164.57,1105.31
81.57,5,3.48,81.4,463.61
63.41,4,10.2,49.08,378.5
790.79,1,9.62,743.8,5022.85
370.83,5,5.27,337.61,1919.77
338.24,4,10.93,393.62,1755.76
559.74,3,13.48,661.55,3255.4
213.69,1,2.58,169.25,983.96
762.47,1,8.97,701.42,4860.61
639.76,3,11.65,591.14,3965.19
117.06,3,5.53,92.58,549.24
363.19,1,6.31,428.22,1889.43
709.34,3,10.59,797.54,4515.53
758.55,2,14.57,617.63,4914.28
400.55,4,13.34,368.52,2188.82
510.06,4,10.16,389.42,2832.39
175.28,4,12.22,188.76,911.32
793.38,2,7.11,613.14,5144.0
223.75,7,10.97,288.99,1176.2
757.05,3,8.53,884.54,4896.36
537.23,5,4.66,501.85,3121.97
505.8,3,11.82,529.65,2867.59
434.52,1,9.79,541.76,2370.9
223.0,6,7.02,230.24,1150.12
182.4,4,14.76,146.77,870.99
215.36,3,2.29,199.69,1018.31
189.83,5,6.42,228.91,992.16
634.69,1,2.8,689.61,3782.26
312.59,2,12.73,340.86,1568.81
93.38,7,11.83,113.93,509.64
776.83,2,6.64,960.46,5031.33
712.84,5,11.46,892.39,4585.46
745.81,1,7.54,564.51,4692.71
796.18,4,12.59,817.26,5196.8
180.42,3,8.36,206.46,868.49
347.18,1,7.77,400.7,1778.99
618.68,7,15.09,658.29,3845.15
572.02,2,5.51,457.65,3358.04
165.42,7,3.69,194.94,860.5
661.87,7,10.18,749.29,4238.98
218.33,5,15.57,164.11,1113.67
217.86,5,7.29,213.13,1049.45
452.73,3,2.87,364.17,2440.3
494.7,5,6.75,446.46,2727.29
485.06,5,9.08,344.81,2678.56
118.62,1,4.27,111.52,499.37
708.1,4,11.21,729.29,4453.17
249.2,3,15.97,267.08,1242.2
147.14,1,8.32,161.57,707.85
716.56,4,6.97,861.15,4512.13
766.74,7,7.61,635.84,4971.57
696.6,1,3.61,537.97,4332.65
657.14,6,14.37,795.74,4095.94
541.43,1,7.81,429.88,3077.55
463.14,5,7.42,595.07,2583.51
115.24,4,11.24,138.92,534.13
356.34,3,8.19,356.53,1780.6
329.52,3,11.08,424.7,1702.62
244.82,4,2.86,185.67,1213.14
592.57,5,13.39,522.55,3644.41
421.91,2,15.17,456.9,2302.97
110.78,1,11.08,100.81,548.93
215.14,5,15.36,270.43,1121.64
562.44,6,4.12,415.86,3319.07
107.1,7,8.68,110.27,633.93
688.41,4,10.43,725.94,4255.65
421.36,1,10.14,459.97,2266.97
410.44,3,7.62,350.27,2265.03
494.31,7,6.73,454.14,2810.11
668.51,2,3.78,806.36,4146.48
310.86,6,7.48,253.96,1579.12
558.51,3,4.28,668.05,3233.52
474.3,4,12.28,492.13,2655.35
250.27,1,4.92,289.64,1124.45
708.97,4,2.82,799.84,4410.83
648.07,7,9.73,534.34,4005.32
543.84,1,10.33,566.29,3142.04
687.94,5,14.21,839.72,4375.69
700.47,2,10.08,671.94,4393.88
581.27,5,6.84,744.0,3484.08
677.76,5,13.24,658.33,4258.37
573.1,4,9.56,450.27,3428.71
560.11,7,3.11,522.95,3301.66
513.96,2,9.92,653.25,2893.01
614.54,1,14.71,548.06,3696.89
168.95,1,7.55,206.27,818.04
710.65,6,6.15,873.22,4493.33
703.88,3,4.01,640.61,4425.4
71.94,6,4.12,53.95,378.41
669.36,6,8.06,759.55,4152.23
146.65,1,10.34,130.07,720.58
301.34,4,3.13,352.49,1481.69
607.63,5,15.15,586.72,3698.2
170.57,7,12.57,169.06,947.41
663.48,5,10.21,774.11,4115.65
674.1,5,13.6,626.52,4229.79
430.6,2,3.12,415.91,2336.5
54.79,1,8.68,50.72,346.32
265.28,7,10.82,244.16,1432.67
512.7,4,13.6,520.68,2921.1
785.89,2,12.97,931.5,5118.88
523.86,3,5.88,480.41,2936.81
244.85,4,15.17,248.42,1232.92
525.5,6,3.74,579.34,2942.22
454.99,4,14.25,392.05,2588.87
634.88,4,15.59,550.14,3891.12
130.24,5,4.48,164.1,644.78
620.77,4,12.11,704.03,3759.4
455.95,6,2.56,477.07,2537.35
772.24,6,7.68,840.69,4995.06
306.4,1,9.23,219.87,1463.62
524.47,4,10.13,561.63,3019.63
749.02,5,15.1,753.29,4799.67
126.88,4,11.41,130.37,626.35
752.92,3,8.74,689.42,4748.85
565.91,3,13.34,423.8,3296.27
100.88,5,15.31,82.32,561.28
275.72,1,2.31,350.29,1246.22
581.13,1,15.76,549.29,3398.37
100.51,6,3.21,98.5,508.52
486.63,6,13.4,356.03,2753.78
309.41,2,5.92,223.56,1580.56
515.69,5,3.85,582.89,2974.76
84.31,4,8.16,86.23,419.83
703.65,7,11.02,707.33,4506.01
780.12,5,7.33,659.88,5075.08
776.66,2,2.76,890.71,4939.16
612.24,6,10.39,490.37,3695.01
147.56,5,14.63,120.11,785.62
618.7,5,7.37,604.11,3756.22
68.44,6,5.03,59.66,391.61
66.59,2,8.2,56.5,367.32
292.71,6,2.68,318.21,1444.4
416.48,1,13.49,454.21,2205.01
627.81,4,13.57,750.05,3853.56
562.47,6,10.23,534.7,3352.51
384.43,2,6.94,285.96,1978.19
255.22,3,13.2,220.56,1314.93
797.84,1,9.77,1027.62,5093.46
369.64,3,13.56,390.98,1948.11
388.54,7,10.84,437.44,2126.97
172.72,6,12.98,121.67,899.41
646.11,1,10.38,653.16,3918.8
570.26,4,7.8,412.02,3417.22
215.58,6,15.41,224.53,1119.42
111.79,4,9.58,140.01,640.04
560.37,5,10.47,717.87,3323.47
540.88,3,5.09,554.04,3100.26
254.94,1,10.76,248.55,1257.81
763.15,4,10.0,966.92,4991.09
163.29,2,4.59,180.3,739.6
374.25,4,2.83,276.55,1923.19
757.71,2,10.46,742.13,4821.35
364.8,6,12.69,307.94,1975.59
528.89,1,9.33,519.31,2941.02
348.2,4,5.17,338.89,1799.82
255.66,7,11.33,268.26,1390.77
787.98,4,3.12,720.27,5084.02
357.0,7,8.19,285.09,1907.65
720.57,1,4.29,722.18,4482.49
222.47,4,4.58,266.54,1122.2
209.83,2,4.83,230.48,978.53
73.35,4,7.41,66.24,459.19
538.75,3,2.72,679.53,3126.58
326.39,6,7.57,407.12,1707.11
698.27,5,9.16,576.5,4406.62
404.91,2,8.77,293.01,2186.65
776.15,3,7.36,888.52,5023.8
189.14,7,13.75,226.32,995.28
701.47,6,4.03,898.38,4406.12
632.45,1,9.08,780.38,3780.31
628.19,2,2.87,666.08,3782.15
683.59,5,3.0,695.91,4278.68
620.77,6,10.03,444.91,3765.82
519.67,7,9.92,440.67,2998.29
148.43,5,14.29,144.84,748.21
74.39,1,9.81,80.13,347.47
740.64,1,15.44,766.08,4733.8
512.49,7,2.68,587.1,2896.31
647.4,2,3.37,561.86,3917.06
411.14,7,2.62,427.16,2191.69
137.98,4,4.59,103.88,678.48
143.89,1,9.58,136.44,681.01
564.17,6,11.04,648.85,3336.71
372.73,4,2.64,415.98,1940.26
200.39,3,15.24,259.39,1028.59
418.7,5,13.79,362.9,2291.03
98.16,4,6.15,98.05,440.02
486.48,5,3.08,436.72,2756.68
251.75,7,4.38,242.77,1266.62
648.17,4,3.78,786.99,3961.34
282.77,7,3.73,314.02,1467.81
391.42,3,9.26,481.23,2191.37
58.72,1,5.44,48.27,260.38
104.34,3,7.01,127.71,515.24
344.37,1,15.85,253.41,1761.44
409.95,7,11.58,505.54,2261.44
500.02,1,15.29,448.74,2769.95
268.75,5,4.0,238.85,1304.94
571.24,6,7.35,575.38,3395.4
695.09,3,9.77,878.88,4310.33
634.89,4,3.07,462.62,3882.88
79.71,3,2.06,72.65,385.94
410.38,5,11.39,498.18,2262.07
128.7,1,10.99,120.67,599.43
231.53,5,7.75,189.74,1160.41
790.0,2,8.86,754.35,5102.88
156.87,2,7.82,146.1,718.52
424.17,4,2.34,529.89,2268.02
513.62,5,6.7,594.34,2891.62
576.85,7,4.48,578.62,3415.47
469.74,4,3.38,607.38,2516.88
57.33,7,15.39,56.13,472.8
294.85,4,10.39,216.69,1465.59
438.28,2,12.2,375.77,2424.75
115.9,4,6.42,111.45,603.64
312.97,2,7.5,248.54,1513.25
74.9,1,5.32,95.02,321.09
108.93,7,3.36,126.38,643.27
347.69,5,4.51,299.35,1860.06
149.54,4,13.17,157.68,772.56
475.66,2,11.49,538.86,2636.91
567.1,3,9.66,717.25,3311.15
650.44,7,8.65,799.38,4064.75
200.11,4,14.91,201.94,1013.62
175.61,6,3.02,204.55,822.18
128.43,1,5.93,133.21,547.12
527.32,1,6.9,544.0,2968.71
579.86,3,12.95,445.82,3414.69
73.69,2,15.9,57.16,415.37
752.16,4,5.37,765.49,4771.88
88.98,7,14.24,76.64,514.16
455.97,2,13.63,324.94,2537.56
581.8,1,5.15,659.58,3402.51
703.23,2,7.59,505.97,4393.48
585.57,1,7.74,619.04,3464.57
651.3,2,15.7,666.61,4033.26
304.59,3,4.53,390.26,1540.88
661.12,5,13.19,654.86,4116.1
110.09,3,6.68,81.26,515.94
721.11,3,12.23,743.48,4536.03
460.69,5,7.88,554.98,2546.04
662.97,5,10.1,860.61,4158.21
389.24,4,13.66,372.97,2147.33
532.68,7,13.26,475.25,3161.57
444.8,7,14.13,553.33,2463.04
598.69,4,2.83,487.78,3596.2
111.22,3,11.69,118.93,504.4
95.26,3,3.96,89.87,475.17
235.33,1,7.82,170.53,1119.71
169.66,1,9.68,154.11,832.77
703.84,7,7.64,604.69,4433.92
214.41,4,9.27,238.35,1113.56
781.9,6,15.95,992.44,5081.0
302.67,6,3.89,260.55,1506.78
186.59,4,11.46,221.46,920.28
642.27,1,7.54,470.93,3838.28
544.03,7,3.86,556.47,3179.39
423.65,7,4.22,314.49,2384.0
466.52,1,15.29,588.01,2653.85
589.4,6,14.31,683.59,3579.7
221.34,2,14.7,242.32,1143.7
797.25,2,15.88,952.19,5194.37
781.09,1,4.92,850.23,5003.31
537.74,2,6.98,689.05,3056.57
199.66,5,11.37,225.29,1035.98
560.17,4,8.77,702.9,3301.36
104.15,4,7.86,105.22,502.68
72.99,1,7.01,56.22,353.18
243.26,3,10.31,247.37,1211.12
396.97,6,10.06,308.1,2195.37
701.2,1,4.26,740.12,4313.96
595.38,2,8.6,589.12,3534.49
607.03,6,9.75,651.67,3752.34
369.12,3,9.98,260.61,1979.12
309.45,2,4.94,252.79,1556.62
328.28,7,12.39,326.57,1751.51
790.74,5,2.35,1004.48,5122.29
80.08,2,6.97,74.49,425.19
700.27,5,12.92,668.5,4488.61
484.01,6,9.89,546.36,2676.97
378.96,5,5.66,402.56,1977.07
593.94,6,11.73,522.29,3639.48
415.0,6,9.94,392.79,2278.92
705.07,6,13.15,585.64,4476.12
725.53,6,12.29,928.39,4618.04
366.29,6,10.54,285.11,1956.95
257.62,2,8.83,237.81,1220.21
494.26,6,3.86,353.65,2834.76
734.27,2,5.66,611.7,4631.8
208.0,6,7.87,243.0,1067.58
517.22,5,10.39,424.49,2982.39
523.67,7,9.19,391.73,3069.19
599.83,6,6.03,590.64,3647.23
148.68,3,2.09,104.96,731.04
586.87,6,8.95,440.66,3510.76
731.77,6,6.0,866.84,4665.25
184.76,5,12.28,214.86,983.31
228.16,4,2.34,284.99,1096.64
778.55,5,10.19,944.15,5054.16
185.73,3,15.18,206.15,961.53
690.79,4,4.44,505.24,4332.07
419.21,1,8.6,490.35,2179.54
235.42,1,3.28,284.23,1129.96
703.06,3,10.76,829.23,4416.29
383.98,5,9.71,385.93,2090.62
436.11,2,7.7,366.22,2376.56
319.43,3,9.3,385.61,1666.0
494.71,7,14.55,562.14,2884.0
172.64,4,4.75,222.44,887.35
343.31,4,2.32,272.39,1796.41
777.06,6,14.06,649.15,5085.53
243.6,1,10.08,201.48,1184.36
542.55,4,14.47,637.78,3198.95
293.89,3,10.36,238.68,1488.21
630.1,4,13.34,466.27,3858.28
148.16,3,8.02,192.47,738.0
777.37,2,12.5,555.73,5010.36
390.34,6,14.78,468.86,2125.52
227.04,1,10.01,208.7,1138.95
105.12,4,4.53,126.67,509.92
177.32,3,5.76,183.13,921.87
439.83,5,4.78,545.82,2359.04
302.75,1,5.46,380.17,1443.47
671.66,2,6.29,473.83,4135.73
373.17,3,9.77,278.1,2003.56
236.54,7,10.23,201.11,1250.82
512.86,7,7.97,564.96,2957.04
580.08,6,10.62,715.22,3449.92
175.28,6,3.14,171.07,847.41
175.71,2,3.23,186.99,834.39
77.5,2,4.41,63.02,332.37
602.3,6,9.25,712.51,3638.72
547.85,4,5.0,701.47,3182.83
405.97,4,5.97,349.61,2149.19
683.13,3,7.6,681.01,4296.21
654.25,5,13.37,491.78,4112.57
489.02,3,2.19,506.37,2637.43
701.2,5,11.09,702.37,4412.11
204.38,2,11.36,160.78,940.15
133.94,1,13.18,129.28,627.13
252.31,3,15.06,227.2,1304.85
92.82,3,2.28,94.03,418.85
448.38,5,4.15,471.42,2474.04
752.45,2,14.41,530.55,4776.0
79.51,2,8.42,91.96,424.31
141.58,7,9.9,159.68,745.78
389.15,5,11.28,357.93,2111.25
750.41,2,11.51,549.12,4788.0
287.12,6,15.04,331.03,1462.66
430.43,4,15.96,547.98,2352.96
81.18,7,12.08,68.52,528.57
161.26,6,6.02,144.18,838.36
789.97,1,14.32,640.11,5137.86
773.84,3,2.69,809.56,4958.9
53.7,7,5.24,42.58,373.43
763.86,1,14.56,697.95,4846.91
529.34,3,5.59,591.91,2999.54
700.94,4,5.09,726.22,4392.13
391.05,2,3.93,364.42,2100.12
436.7,6,14.03,415.8,2469.28
416.63,5,9.0,432.16,2324.21
550.15,6,11.45,387.04,3266.35
154.74,4,5.35,115.61,739.09
72.48,1,12.61,89.06,385.26
280.95,5,12.64,209.79,1450.02
578.51,2,6.38,650.29,3361.79
201.39,4,7.75,252.15,994.17
555.07,5,4.94,478.7,3234.1
777.43,4,15.67,717.02,5106.0
120.43,4,11.04,125.41,554.9
554.45,2,15.08,681.44,3277.21
382.81,7,6.25,484.31,2046.42
701.11,3,12.95,801.88,4377.42
182.86,5,12.72,137.51,988.32
569.47,2,11.68,627.27,3366.13
678.59,4,15.52,642.07,4303.92
758.46,2,7.51,745.13,4859.26
562.44,7,3.83,410.29,3385.43
422.88,3,11.4,344.49,2317.51
513.39,6,12.21,602.87,2953.44
701.68,5,10.05,682.3,4448.97
477.96,3,4.9,421.08,2663.5
72.79,1,9.06,67.72,341.7
748.21,5,6.37,907.31,4772.99
567.15,3,7.98,651.88,3312.81
557.39,4,11.03,481.24,3211.11
211.76,5,12.43,163.16,1100.09
544.16,5,5.25,463.19,3097.98
345.4,2,7.67,432.6,1765.05
538.42,4,5.77,564.78,3122.2
129.94,1,4.78,132.56,574.32
543.38,6,12.97,574.81,3252.22
799.56,7,14.73,735.29,5231.32
86.16,3,7.18,102.04,468.21
782.88,2,12.52,793.82,5075.89
355.18,3,14.56,273.51,1824.98
703.07,1,13.85,546.59,4490.07
636.79,1,4.56,650.87,3830.2
475.26,5,15.39,599.75,2664.82
603.84,7,7.27,534.4,3629.85
708.89,1,6.75,866.06,4413.24
353.11,3,2.87,409.06,1800.73
295.27,4,8.81,250.6,1483.49
550.7,4,3.53,397.49,3174.26
655.88,5,5.48,499.2,4068.47
621.71,6,6.44,706.95,3784.27
648.36,3,13.32,531.53,3940.45
376.69,3,14.26,347.59,2010.27
663.38,1,6.23,664.05,3982.15
140.16,7,14.02,159.12,786.51
458.37,3,14.0,352.0,2515.01
54.32,2,12.71,51.27,338.54
293.44,6,4.05,290.81,1516.89
324.85,1,11.66,332.8,1606.36
347.13,2,15.23,413.44,1844.33
571.6,5,11.56,459.0,3392.58
341.42,4,6.64,404.48,1815.03
386.52,5,9.01,431.25,2071.47
228.16,4,11.04,235.81,1130.78
329.94,5,9.15,369.44,1735.96
220.45,3,3.68,208.81,1052.58
104.9,2,6.37,82.14,461.09
502.59,4,13.23,552.57,2832.52
551.16,1,14.06,559.32,3193.24
514.62,2,3.92,557.65,2906.82
397.62,1,15.33,358.97,2068.18
334.84,2,6.6,416.58,1690.17
697.5,2,11.27,734.06,4385.11
439.31,5,12.53,330.03,2448.95
409.39,4,13.37,397.06,2277.14
69.23,4,15.24,79.88,426.28
305.94,7,6.38,359.93,1569.95
335.15,2,14.02,334.06,1746.32
349.12,3,3.84,431.8,1786.46
485.13,3,11.87,417.5,2695.98
450.2,1,12.39,426.05,2468.74
505.93,1,11.49,626.93,2800.3
623.66,5,5.53,771.94,3773.63
659.74,2,14.22,733.25,4063.19
588.59,1,4.36,715.37,3486.15
766.64,1,2.75,577.48,4765.27
63.67,6,12.04,77.62,434.95
196.83,2,8.66,175.65,958.48
55.67,5,13.89,44.93,338.86
535.61,1,7.37,451.85,3045.98
723.52,5,4.36,687.91,4599.24
232.61,4,13.71,197.89,1209.3
745.28,5,9.68,665.04,4706.08
95.2,3,4.65,74.35,492.44
750.83,3,12.09,659.01,4789.91
313.72,5,9.16,327.32,1630.54
126.07,3,10.46,121.67,649.86
414.4,4,8.45,376.29,2219.59
242.58,2,13.6,278.45,1230.74
263.65,3,13.61,325.91,1319.78
280.47,3,11.93,323.68,1344.85
652.27,5,3.48,586.52,4045.57
454.37,4,13.74,521.01,2508.88
283.48,7,11.39,224.29,1453.74
507.75,7,11.76,395.13,2913.7
587.11,7,7.08,532.73,3545.48
254.47,7,14.31,301.45,1347.17
360.16,2,12.16,305.35,1898.27
141.41,5,3.58,104.36,659.77
185.86,5,7.71,144.79,920.58
560.84,6,14.41,681.56,3345.27
186.08,4,2.66,201.02,960.63
443.87,7,15.46,378.14,2514.06
581.78,2,11.51,601.09,3474.38
130.16,4,10.84,132.31,666.14
475.48,7,5.79,519.83,2660.08
242.42,2,5.48,203.61,1162.12
772.2,4,15.19,941.03,5008.45
412.66,5,6.18,365.46,2256.27
654.49,5,12.86,730.73,4116.48
462.67,1,7.5,328.35,2520.66
82.56,3,3.95,76.25,439.32
524.86,7,2.15,478.16,2985.71
763.55,6,9.62,783.47,4934.08
501.21,4,15.66,372.72,2826.25
664.39,6,7.17,780.05,4150.41
713.15,1,7.0,592.4,4444.47
221.06,3,6.82,244.54,1106.28
209.03,4,9.29,247.06,1023.68
508.24,2,8.17,527.1,2838.02
358.27,7,14.32,410.05,1975.96
679.9,3,9.08,745.92,4167.6
725.02,5,9.11,662.17,4684.33
315.07,1,3.94,373.45,1524.12
227.65,3,15.76,199.61,1101.31
635.39,7,5.5,662.54,3920.39
256.1,3,3.03,293.81,1241.66
666.96,7,11.28,618.52,4194.65
367.8,5,10.34,324.28,1997.14
550.66,4,7.81,537.23,3226.78
121.65,2,7.91,144.86,586.75
517.89,5,12.99,651.49,2996.62
388.83,2,4.74,399.34,2027.94
489.96,4,13.48,537.42,2815.4
176.01,3,11.08,218.6,836.09
602.66,2,7.87,457.49,3594.76
697.1,1,8.41,585.04,4335.8
212.55,1,5.59,239.2,1030.14
121.79,7,12.53,145.44,651.26
67.73,5,9.18,82.24,355.64
531.48,4,6.49,504.41,3048.99
505.32,7,10.34,380.81,2907.72
460.02,5,15.94,442.85,2639.54
223.96,5,8.09,187.78,1097.16
343.18,7,14.89,300.19,1894.76
495.86,6,6.83,576.86,2868.25
422.58,5,2.77,314.95,2274.24
790.84,6,4.86,946.28,5102.28
152.33,1,7.86,145.72,703.75
571.36,1,5.07,604.29,3311.66
353.24,5,2.0,266.27,1847.98
371.15,1,14.81,334.93,1933.78
588.2,4,13.81,443.4,3581.31
569.33,6,12.39,726.99,3373.14
793.44,6,4.35,939.72,5107.11
146.3,5,3.69,142.75,758.11
128.08,1,2.95,106.84,501.9
593.25,2,12.14,747.54,3530.59
483.79,7,15.0,438.68,2868.18
255.62,7,8.03,203.62,1322.88
109.56,6,3.67,113.72,522.54
114.24,5,9.17,144.66,590.36
720.64,5,6.88,506.11,4573.04
193.9,4,7.25,163.43,970.56
292.53,3,10.7,369.48,1481.0
219.99,3,12.06,176.58,1074.1
316.25,6,3.55,242.86,1663.98
102.07,7,2.5,106.37,535.18
439.29,4,15.92,534.67,2466.82
100.71,4,5.26,99.33,470.99
650.27,4,2.75,843.23,4014.5
225.28,6,4.66,249.5,1132.0
455.01,3,2.55,338.73,2473.61
710.06,7,7.49,920.02,4494.91
538.16,4,13.23,508.42,3101.52
449.72,7,6.78,392.35,2532.7
293.25,1,8.22,303.43,1409.04
299.75,5,11.46,264.56,1505.43
552.12,5,9.12,415.12,3218.25
795.6,7,14.06,557.61,5261.11
546.38,2,14.12,529.85,3152.79
468.34,2,2.14,563.0,2531.36
597.99,6,12.89,623.93,3638.82
398.9,6,8.45,518.39,2117.61
95.11,5,15.84,82.94,492.96
471.72,1,8.77,409.58,2585.11
768.22,3,15.82,611.39,4947.72
181.48,3,12.56,144.9,946.91
567.5,6,5.48,494.36,3386.44
200.7,1,9.54,235.96,987.76
451.87,6,15.89,561.88,2611.2
122.51,3,14.01,157.43,625.07
387.78,7,3.36,325.49,2111.84
617.12,6,11.89,758.31,3768.89
310.68,4,6.84,278.66,1637.17
548.68,7,2.1,421.23,3264.47
646.59,6,7.65,790.14,4001.3
745.38,5,5.29,806.25,4776.1
225.98,6,13.46,180.52,1228.01
349.49,5,6.72,334.77,1825.86
164.31,1,13.59,143.34,784.79
794.36,3,2.01,907.22,5136.16
745.25,7,6.31,724.42,4800.91
454.97,7,5.38,588.53,2544.66
681.52,2,5.27,499.45,4183.52
440.72,2,2.95,402.38,2307.91
517.69,3,4.62,512.07,2916.7
116.84,2,9.78,117.06,590.25
616.45,7,6.08,548.37,3760.24
145.79,6,7.84,165.84,801.24
669.55,1,7.28,820.1,4086.67
636.52,1,14.26,804.07,3846.84
581.56,3,14.67,688.02,3468.82
77.12,2,8.9,93.34,391.95
277.35,6,6.62,285.76,1432.94
247.33,1,3.5,295.7,1145.9
320.1,1,15.35,282.36,1663.45
115.73,4,2.84,108.68,611.88
752.72,4,6.17,670.03,4811.41
465.35,7,6.17,456.25,2648.14
279.14,1,6.49,243.23,1311.45
347.74,3,4.3,444.05,1809.04
385.4,5,12.96,342.12,2126.35
500.45,5,3.71,379.75,2823.04
436.76,6,10.89,443.79,2432.91
739.54,1,3.73,543.02,4561.39
422.72,1,2.99,323.94,2208.38
794.12,7,14.73,660.42,5212.83
688.57,1,4.66,673.84,4217.51
206.38,3,13.5,198.12,1048.07
747.95,4,9.62,882.44,4779.13
137.27,1,3.09,157.0,592.09
663.09,1,15.38,633.77,4064.82
335.47,7,5.46,302.0,1741.36
708.48,2,14.04,630.46,4501.67
701.04,7,4.36,816.29,4415.33
654.44,7,13.96,478.56,4094.88
642.52,3,2.19,454.71,3882.41
278.51,6,9.16,327.9,1438.54
110.69,1,12.77,109.17,546.0
352.24,7,15.09,274.23,1828.62
180.14,7,14.73,151.56,1010.01
571.21,2,13.47,719.44,3410.17
309.57,7,14.43,376.35,1607.9
781.71,5,4.79,880.1,5023.44
530.73,6,5.98,525.07,3052.22
666.86,1,6.05,674.99,4057.43
149.39,1,7.28,191.99,705.08
696.51,2,7.51,891.16,4281.22
742.07,3,9.62,615.29,4696.12
415.3,1,4.24,492.82,2231.79
504.69,5,11.68,413.01,2843.06
623.61,1,4.35,516.42,3762.89
181.13,5,6.34,200.27,923.03
426.92,6,9.05,402.59,2305.97
349.0,6,13.15,439.36,1893.29
159.78,4,12.35,120.38,817.14
325.65,4,11.04,327.9,1668.25
101.13,5,4.18,126.52,508.9
69.36,3,9.66,86.18,400.29
151.37,1,3.22,120.18,709.22
772.34,7,7.28,710.54,5055.45
462.15,1,7.79,495.18,2520.15
774.37,4,2.56,616.11,4926.45
374.37,7,5.84,479.5,2003.4
283.86,5,15.38,354.5,1559.5
429.61,7,15.35,343.76,2445.93
379.63,1,6.93,293.34,2038.36
129.25,1,2.6,97.1,616.12
530.62,3,4.51,660.98,3019.75
212.03,2,7.49,173.05,1036.64
514.69,7,15.27,488.84,2997.77
537.65,4,3.98,521.15,3028.96
164.02,4,12.69,173.76,844.08
96.01,2,3.52,71.34,469.97
635.57,1,15.74,531.37,3860.27
394.85,3,7.34,497.07,2110.6
93.62,3,12.85,116.56,512.49
796.15,4,6.8,930.52,5135.89
93.34,3,10.79,66.42,462.07
571.28,6,4.69,511.98,3353.12
787.76,2,4.04,848.24,5027.63
229.39,1,15.13,198.44,1098.96
156.69,6,14.85,195.19,820.66
141.04,2,14.42,152.37,749.9
277.46,5,10.76,206.19,1388.6
125.78,7,13.32,156.65,704.29
569.12,4,2.97,725.44,3312.71
96.72,3,6.69,72.21,502.32
432.07,5,6.39,440.46,2404.73
797.52,3,10.9,703.43,5205.6
660.48,6,6.98,618.01,4117.92
511.41,1,4.08,413.12,2819.78
279.69,1,10.35,292.79,1329.45
517.92,1,13.4,660.24,2983.69
445.28,3,7.35,446.1,2403.29
369.56,5,3.85,277.08,1966.32
148.03,1,4.75,158.69,710.72
714.95,5,5.32,646.41,4504.59
387.34,3,6.2,470.06,2074.83
195.97,6,11.0,188.29,1047.76
325.82,5,10.41,265.77,1746.73
360.6,6,11.75,293.77,1928.53
670.65,3,7.08,778.8,4107.03
600.21,3,13.54,515.79,3599.2
626.98,4,4.86,727.51,3806.38
58.27,3,8.57,47.99,343.54
362.12,3,13.21,323.37,1903.01
411.01,2,4.52,402.5,2116.89
64.39,1,3.54,81.52,322.18
244.86,4,14.37,308.29,1315.33
620.22,7,6.8,511.14,3814.67
152.83,4,11.57,139.83,800.31
451.48,4,2.35,356.51,2473.58
211.4,7,11.66,212.67,1132.22
59.09,2,6.43,57.69,346.89
230.9,6,2.78,286.42,1170.27
781.91,3,10.54,983.64,5043.55
651.15,1,5.37,605.66,3927.2
769.68,5,7.42,765.87,4962.07
415.89,7,3.13,514.77,2283.35
132.3,6,4.06,156.65,662.33
460.97,7,6.17,323.69,2591.59
390.78,3,3.26,348.59,2064.55
683.27,2,14.75,651.2,4294.9
123.56,7,2.08,103.52,671.72
416.18,3,8.77,341.16,2246.39
162.54,3,3.73,117.46,737.08
293.51,2,6.31,318.75,1418.72
603.02,4,14.96,517.09,3660.29
407.01,4,4.26,297.69,2121.83
331.92,1,15.52,278.34,1741.72
345.86,1,4.88,408.51,1741.75
394.59,4,12.38,477.8,2148.15
638.76,6,9.65,632.27,3989.33
719.06,5,14.38,682.85,4580.52
766.5,3,9.76,986.27,4943.01
640.18,5,9.48,525.16,3940.54
286.56,3,4.74,237.62,1395.94
566.1,4,4.33,495.41,3287.28
378.2,1,14.83,303.94,2047.44
241.0,6,6.59,223.56,1216.7
680.65,1,7.21,848.44,4217.26
78.82,5,12.64,84.27,407.81
726.32,1,6.74,687.95,4594.69
396.11,4,15.33,499.35,2192.91
527.9,6,12.33,384.88,3077.79
544.52,5,10.36,449.86,3176.14
721.34,6,14.33,749.86,4644.37
527.5,3,2.69,564.07,3047.15
510.45,1,5.6,369.43,2773.7
99.99,6,8.51,94.17,555.97
438.81,2,5.18,478.08,2330.78
162.63,1,12.41,181.95,789.61
603.08,3,14.87,653.06,3636.51
434.17,6,7.93,387.42,2388.9
560.17,5,6.79,423.55,3290.0
81.25,3,15.46,77.7,422.67
113.59,2,8.23,88.29,569.99
587.24,6,8.85,744.96,3478.35
104.06,7,6.92,102.51,576.12
103.44,7,14.73,92.1,586.09
59.08,4,9.97,68.52,331.48
767.38,1,12.67,766.43,4923.43
603.13,5,13.37,534.39,3620.17
314.94,4,6.79,373.89,1592.22
272.4,6,8.07,332.41,1349.68
312.28,7,13.88,344.69,1668.03
630.99,7,7.09,459.47,3860.62
546.03,7,13.12,567.76,3225.27
188.9,6,15.17,218.74,1019.17
180.58,7,10.72,141.2,938.36
123.8,3,12.38,103.64,624.16
545.23,6,13.27,670.36,3172.76
623.28,5,13.83,443.82,3849.32
248.78,4,7.53,286.51,1294.53
65.71,5,2.72,64.67,452.34
111.63,2,7.63,108.06,529.01
775.9,7,11.43,546.43,5092.97
271.58,2,8.3,323.63,1276.02
626.92,1,12.49,574.19,3837.85
518.5,1,7.0,531.18,2921.26
336.45,2,10.89,372.25,1706.87
204.27,6,4.61,229.1,1071.49
141.04,5,12.49,179.63,735.02
511.26,2,9.64,520.87,2854.54
630.98,1,4.86,593.01,3801.35
532.93,2,6.09,678.0,2991.96
447.73,6,12.48,485.9,2543.27
81.46,2,8.76,71.6,377.22
776.37,5,5.02,602.37,4979.55
649.04,4,15.54,782.43,4002.7
269.62,6,12.01,247.32,1420.93
784.98,1,15.4,860.56,5053.32
501.41,5,7.98,492.63,2785.75
486.82,2,8.65,398.88,2669.4
611.05,2,14.57,648.34,3690.33
658.83,4,9.35,485.17,4041.94
542.36,1,11.9,514.16,3078.83
146.07,1,5.53,150.16,736.35
303.7,3,8.25,292.05,1484.51
746.06,1,3.73,857.38,4692.45
218.46,4,4.88,261.45,1065.71
329.13,7,2.01,382.69,1691.74
374.06,3,2.55,270.55,1957.76
379.55,3,15.68,309.9,2068.95
509.7,2,5.39,520.9,2825.42
757.31,2,11.29,954.88,4807.79
230.52,1,13.75,276.85,1174.57
141.13,3,9.71,170.13,696.32
198.1,2,4.14,174.71,993.14
715.19,4,12.19,684.92,4475.15
534.36,2,10.4,524.97,3062.74
264.43,6,12.24,210.07,1430.9
661.96,6,12.78,475.71,4138.97
696.03,2,15.66,882.66,4369.73
684.89,3,10.03,578.34,4283.1
739.19,7,6.78,623.86,4735.71
239.18,7,11.08,179.39,1246.93
616.28,3,2.96,774.73,3679.91
395.4,5,14.56,414.32,2149.13
681.5,7,3.67,749.8,4312.21
596.37,6,6.59,743.64,3607.73
632.34,4,13.42,573.76,3893.31
542.12,3,10.36,581.64,3158.04
183.07,1,7.51,132.41,859.98
458.77,6,8.63,372.55,2541.92
788.5,4,13.96,945.22,5119.76
753.04,4,6.76,873.57,4818.18
82.38,3,14.18,75.0,422.43
173.61,4,3.23,160.78,829.22
148.8,3,12.88,151.79,737.88
594.48,7,13.87,416.23,3693.94
663.34,2,4.55,560.35,3976.22
210.13,6,8.02,173.35,1075.4
429.39,5,4.32,365.11,2389.39
680.53,2,11.89,805.43,4237.34
599.6,6,9.49,520.34,3656.89
456.68,3,10.89,372.15,2520.87
492.76,6,4.75,494.02,2746.68
431.27,7,4.96,525.89,2315.82
273.16,3,2.58,230.77,1329.88
473.77,2,6.51,353.96,2568.76
566.66,1,9.84,517.84,3273.48
704.99,1,14.01,809.75,4410.02
527.22,6,11.34,543.25,3116.78
620.84,1,8.1,738.85,3794.35
170.05,3,15.34,216.95,878.5
396.17,4,12.07,465.73,2131.5
57.0,3,15.02,60.55,334.29
235.01,4,9.39,234.07,1196.03
594.85,2,5.62,430.69,3570.38
793.86,5,2.74,1024.55,5132.14
124.38,4,12.17,115.69,571.37
351.12,1,3.7,277.85,1785.88
650.05,3,6.24,715.08,4006.18
203.03,2,9.45,176.75,944.83
466.31,1,9.9,490.31,2550.84
599.8,2,10.41,631.03,3594.01
511.99,5,4.33,495.32,2890.36
191.02,7,7.32,229.54,972.95
316.54,3,10.64,271.9,1636.18
637.84,6,15.58,618.19,3958.54
465.67,3,12.19,476.2,2538.23
53.92,5,14.92,59.22,326.83
620.74,3,12.67,726.51,3812.12
76.48,6,10.28,71.66,477.61
609.3,4,4.69,662.69,3660.48
201.86,2,11.33,159.54,982.76
768.56,6,10.73,968.06,4976.21
325.96,1,10.43,303.08,1603.61
295.2,5,8.86,335.85,1482.33
161.67,4,9.4,115.14,751.73
279.2,1,6.68,229.82,1322.34
707.49,1,9.27,702.0,4411.93
797.25,5,4.77,978.19,5195.13
326.23,4,13.27,331.57,1695.67
386.46,7,4.6,486.13,2113.83
591.55,1,3.19,585.8,3503.85
714.65,1,8.11,710.55,4504.46
494.78,4,11.22,381.9,2796.29
343.64,3,8.13,406.05,1769.68
359.47,1,5.87,304.89,1801.48
571.71,2,9.81,708.79,3374.98
52.41,4,6.86,65.33,378.13
514.69,1,15.06,651.59,2918.1
316.62,5,14.92,320.46,1715.13
645.65,6,9.03,714.25,3954.58
119.74,2,6.59,139.75,527.04
491.15,6,12.32,382.42,2819.74
410.73,6,2.51,435.61,2230.24
531.74,1,8.65,383.16,3051.6
98.64,2,6.71,98.5,458.32
484.99,2,14.89,384.55,2680.82
471.11,3,2.17,381.49,2561.67
470.5,6,9.74,432.4,2600.93
502.62,2,12.37,482.24,2778.91
557.35,3,8.79,598.54,3276.93
653.74,4,3.2,486.81,4032.1
252.37,3,15.61,252.92,1295.79
668.79,5,9.25,541.43,4119.92
423.69,7,10.6,442.5,2351.24
107.79,1,5.31,116.68,443.78
93.91,4,8.77,97.11,517.84
300.68,7,8.01,343.67,1531.94
638.67,7,3.05,575.68,3897.05
580.76,4,3.49,673.14,3424.41
641.46,5,13.72,615.58,3956.11
437.95,3,5.36,433.8,2412.99
380.15,1,4.73,413.93,1937.57
160.59,3,9.07,114.18,751.31
296.14,2,12.76,323.51,1409.95
375.51,3,2.87,402.23,1949.26
116.45,4,10.08,103.16,575.77
215.46,1,3.67,161.91,967.77
498.67,3,2.51,376.28,2784.58
601.75,1,2.74,754.55,3562.69
798.76,1,13.68,889.47,5172.63
749.83,2,3.65,582.07,4787.87
531.92,2,2.63,486.2,3018.43
365.94,4,8.13,386.24,1904.55
527.13,5,13.82,633.27,3029.97
639.24,7,5.67,464.21,3971.82
138.75,1,7.9,116.83,660.17
357.43,5,2.56,441.01,1866.17
679.85,7,8.29,479.63,4259.85
337.87,7,10.09,277.34,1819.86
478.9,4,9.99,610.8,2650.18
490.83,7,6.65,524.22,2775.59
188.36,7,6.42,161.42,1022.28
321.68,1,3.49,238.1,1553.54
300.88,1,7.14,215.71,1409.23
69.65,6,3.39,58.98,369.15
68.14,5,12.73,83.74,456.99
673.77,3,15.53,639.78,4220.46
254.8,2,15.58,288.49,1278.05
438.56,3,14.11,548.62,2400.92
274.04,5,10.41,258.92,1411.84
755.51,2,11.81,615.56,4807.66
244.47,3,5.99,246.98,1206.5
372.24,6,10.83,463.39,1991.79
704.55,2,8.38,833.22,4381.35
681.45,1,8.75,503.93,4191.22
189.58,3,12.61,211.48,944.66
651.98,2,5.95,680.11,3974.13
393.64,6,6.45,489.88,2137.99
412.23,7,14.94,318.85,2198.55
150.11,2,2.79,153.18,670.26
110.45,2,8.8,135.6,514.5
595.95,6,14.78,563.78,3676.68
422.35,7,10.55,417.78,2320.57
377.64,3,9.65,280.31,2002.78
597.13,4,5.5,517.64,3609.38
624.13,3,6.81,558.42,3732.72
169.18,7,13.93,214.36,932.37
507.67,5,9.83,441.47,2861.43
151.52,6,9.21,147.96,778.47
613.53,3,3.39,676.59,3646.13
542.72,2,2.22,432.71,3060.9
767.46,6,15.49,761.22,5088.8
101.72,1,7.28,116.28,485.32
92.79,7,10.44,113.22,565.05
261.64,3,3.12,281.46,1283.54
